{
  "project_info": {
    "project_number": "130210528823",
    "firebase_url": "https://lecturerstudentapp-default-rtdb.firebaseio.com",
    "project_id": "lecturerstudentapp",
    "storage_bucket": "lecturerstudentapp.appspot.com"
  },
  "client": [
    {
      "client_info": {
        "mobilesdk_app_id": "1:130210528823:android:0d303cbeaaa38e555a09b2",
        "android_client_info": {
          "package_name": "com.example.firebase_admin_user_roles_master"
        }
      },
      "oauth_client": [],
      "api_key": [
        {
          "current_key": "AIzaSyAgeEtU_EvPOIrhdbpz0uuxTFXG4LW-L8A"
        }
      ],
      "services": {
        "appinvite_service": {
          "other_platform_oauth_client": []
        }
      }
    },
    {
      "client_info": {
        "mobilesdk_app_id": "1:130210528823:android:c6e75303e96b85395a09b2",
        "android_client_info": {
          "package_name": "com.srsajib.ecah"
        }
      },
      "oauth_client": [],
      "api_key": [
        {
          "current_key": "AIzaSyAgeEtU_EvPOIrhdbpz0uuxTFXG4LW-L8A"
        }
      ],
      "services": {
        "appinvite_service": {
          "other_platform_oauth_client": []
        }
      }
    }
  ],
  "configuration_version": "1"
}